address|name|type
00401000|D3DXMatrixIdentity|function
004010b0|ZunTimer::NextTick|function
004010f0|AnmVm::Initialize|function
00401170|AnmVm::AnmVm|function
004011b0|AnmVmBase::AnmVmBase|function
004012b0|GameManager::RegenerateGameIntegrityCsum|function
00401390|GameManager::SetBombsRemainingAndComputeCsum|function
00401400|AsciiManager::UpdateScripts|function
004014a0|AsciiManager::AsciiManager|function
00401690|RetryMenu::RetryMenu|function
00401720|PauseMenu::PauseMenu|function
004017b0|AsciiManager::IncrementCapped|function
004017e0|AsciiManager::OnUpdate|function
00401970|AsciiManager::OnDrawMenus|function
004019e0|AsciiManager::OnDrawPopups|function
00401a00|AsciiManager::InitializeVms|function
00401ba0|AsciiManager::InitializeOtherVms|function
00401d70|AsciiManager::AddedCallback|function
00401de0|AsciiManager::DeletedCallback|function
00401e30|AsciiManager::RegisterChain|function
00401f10|AsciiManager::CutChain|function
00401f40|AsciiManager::AddString|function
00402060|AsciiManager::AddFormatText|function
004020b0|AsciiManager::DrawStrings|function
004024f0|AsciiManager::CreatePopup1|function
00402630|AsciiManager::CreatePopup2|function
00402780|RetryMenu::OnUpdate|function
00403a20|RetryMenu::OnDraw|function
00403b60|PauseMenu::OnUpdate|function
00404560|PauseMenu::OnDraw|function
00404690|AsciiManager::DrawPopups|function
00404e70|D3DXVec3Length|function
00404eb0|D3DXVec3Cross|function
00404f30|AnmManager::ExecuteAnmIdx|function
00404fe0|GameManager::CheckGameIntegrity|function
00405080|Stage::Stage|function
004052d0|Stage::InterpCubic|function
00405370|Stage::UpdateScriptAndCamera|function
00405690|Stage::OnUpdate|function
00406930|Stage::SmoothBlendColor|function
004069d0|Stage::OnDrawHighPrio|function
00406de0|Stage::OnDrawLowPrio|function
00407000|Stage::AddedCallback|function
00407410|Stage::DeletedCallback|function
004074c0|Stage::RegisterChain|function
004075d0|Stage::CutChain|function
00407610|Stage::LoadStageData|function
004077f0|Stage::UpdateObjects|function
00407900|Stage::RenderObjects|function
00408180|Stage::SetupCameraStageBackground|function
004082b0|Stage::UpdateCamera|function
004083f0|BombData::DarkenViewport|function
004084f0|BombData::SpawnBombInvulnEffect|function
00408610|BombData::ComputeBombCherryDrain|function
00408710|BombData::BombReimuACalc|function
00408e10|BombData::BombReimuADraw|function
004091b0|BombData::BombReimuACalcFocus|function
00409990|BombData::BombReimuADrawFocus|function
00409dd0|BombData::BombReimuBCalc|function
0040a280|BombData::BombReimuBDraw|function
0040a3a0|BombData::BombReimuBCalcFocus|function
0040a6b0|BombData::BombReimuBDrawFocus|function
0040a7c0|BombData::BombMarisaACalc|function
0040aba0|BombData::BombMarisaADraw|function
0040af10|BombData::BombMarisaACalcFocus|function
0040b5d0|BombData::BombMarisaADrawFocus|function
0040b7d0|BombData::BombMarisaBCalc|function
0040bca0|BombData::BombMarisaBDraw|function
0040be20|BombData::BombMarisaBCalcFocus|function
0040c160|BombData::BombMarisaBDrawFocus|function
0040c2e0|BombData::BombSakuyaACalc|function
0040c970|BombData::BombSakuyaADraw|function
0040ca50|BombData::BombSakuyaACalcFocus|function
0040d3b0|BombData::BombSakuyaADrawFocus|function
0040d4c0|BombData::BombSakuyaBCalc|function
0040d9a0|BombData::BombSakuyaBDraw|function
0040da80|BombData::BombSakuyaBCalcFocus|function
0040e280|BombData::BombSakuyaBDrawFocus|function
0040e420|EclManager::Load|function
0040e4f0|EclManager::Unload|function
0040e530|EclManager::CallEclSub|function
0040e5b0|EclManager::GetVarValue|function
0040ec00|EclManager::GetVar|function
0040edf0|EclManager::GetFloatVarValue|function
0040f3c0|EclManager::GetFloatVar|function
0040f6b0|EclManager::MoveDirTime|function
0040f8f0|EclManager::MovePosTime|function
0040fb30|EclManager::MathLerp|function
0040fb90|EclManager::MathCubicInterp|function
0040fc90|EclManager::BeginSpellcard|function
004101a0|EclManager::EndSpellcard|function
00410520|EclManager::RunEcl|function
00417af0|sincosf|function
00417b20|Bullet::Initialize|function
00417b90|EnemyEclInstr::ExInsSetPosToBoss|function
00417c30|EnemyEclInstr::ExInsAliceCurveBullets|function
00417e50|EnemyEclInstr::ExInsTurnBulletsIntoOtherBullets|function
00418110|EnemyEclInstr::ExInsNoOp|function
00418120|EnemyEclInstr::ExInsDespawnLargeBulletAndSavePos|function
00418260|EnemyEclInstr::ExInsCopyMainBossMovement|function
004182d0|EnemyEclInstr::ExInsSplitBulletsOrShootBackwards|function
004185d0|EnemyEclInstr::IsPointInRotatedRect|function
00418880|EnemyEclInstr::ExInsReflectBulletsFromLasers|function
00418b40|EnemyEclInstr::ExInsShootBulletsAlongLaser|function
00418e80|EnemyEclInstr::ExInsEffect1eAccel|function
00418eb0|EnemyEclInstr::ExInsYoumuSetGameSpeed|function
00418fc0|EnemyEclInstr::ExInsYoumuRestoreGameSpeed|function
004190f0|EnemyEclInstr::ExInsBurstLargeBullets|function
004194e0|EnemyEclInstr::ExInsYoumuCurveBulletsBelow|function
00419610|EnemyEclInstr::ExInsYoumuRedirectBulletsToPlayer|function
004196e0|EnemyEclInstr::ExInsFlashScreen|function
00419710|EnemyEclInstr::ExInsYuyukoTransformButterflyBullets|function
00419880|EnemyEclInstr::ExInsYuyukoButterflySpawnEnemy|function
004199c0|EnemyEclInstr::ExInsYuyukoCountButterflyBullets|function
00419a50|EnemyEclInstr::ExInsBurstLargeBullets2|function
00419d70|EnemyEclInstr::ExInsYuyukoFadeOutMusic|function
00419d90|EnemyEclInstr::ExInsYuyukoPlayResurrectionButterflyBgm|function
00419dc0|EnemyEclInstr::ExInsSpawnBulletsWithDirChange|function
00419ff0|EnemyEclInstr::ExInsSpawnBulletsWithDirChange2|function
0041a210|EffectManager::EffectManager|function
0041a2f0|Effect::Effect|function
0041a350|EffectManager::Reset|function
0041a370|EffectManager::InitDeceleratingBurstFast|function
0041a4f0|EffectManager::UpdatePhysics|function
0041a5a0|EffectManager::InitDeceleratingBurst|function
0041a730|EffectManager::Init2dEffect|function
0041a750|EffectManager::UpdateOrbitEffect|function
0041aa60|EffectManager::InitRandomDir|function
0041aaf0|EffectManager::UpdateGather60Frames|function
0041abe0|EffectManager::UpdateAttachToPlayer|function
0041ac30|EffectManager::UpdateGather240Frames|function
0041ad10|EffectManager::UpdateBurst30Frames|function
0041adf0|EffectManager::DoSomethingWithEffects|function
0041ae90|EffectManager::ModifyEffect1eAcceleration|function
0041aef0|EffectManager::UpdateWeatherPhysics|function
0041b0b0|EffectManager::InitWeatherForward|function
0041b4a0|EffectManager::InitWeatherVortex|function
0041b770|EffectManager::InitWeatherBackward|function
0041b9f0|EffectManager::InitWeatherSlow|function
0041bc20|EffectManager::InitWeatherFalling|function
0041bec0|EffectManager::InitRandomDirWithSpeed|function
0041bfd0|EffectManager::UpdateBurstEaseOut30Frames|function
0041c100|EffectManager::UpdateAttachToCamera|function
0041c1b0|EffectManager::UpdateNoOp|function
0041c1c0|EffectManager::SpawnParticles|function
0041c400|EffectManager::SpawnMovingParticles|function
0041c610|EffectManager::SpawnEffect|function
0041c790|EffectManager::OnUpdate|function
0041ca10|EffectManager::OnDraw|function
0041cb80|EffectManager::UpdateSpecialEffect|function
0041cde0|EffectManager::AddedCallback|function
0041d050|EffectManager::DeletedCallback|function
0041d0a0|EffectManager::RegisterChain|function
0041d150|EffectManager::CutChain|function
0041d180|Ending::Ending|function
0041d2f0|Ending::OnUpdate|function
0041d380|Ending::OnDraw|function
0041d410|Ending::ReadEndFileParameter|function
0041d490|Ending::FadingEffect|function
0041d700|Ending::ParseEndFile|function
0041e4b0|Ending::LoadEnding|function
0041e590|Ending::AddedCallback|function
0041e790|Ending::DeletedCallback|function
0041e820|Ending::RegisterChain|function
0041e920|Enemy::Move|function
0041ea60|EnemyManager::Initialize|function
0041ee70|EnemyManager::EnemyManager|function
0041ef70|Enemy::Enemy|function
0041f220|EnemyEclContext::EnemyEclContext|function
0041f2e0|EnemyManager::SpawnEnemy|function
0041f430|EnemyManager::SpawnEnemyEx|function
0041f580|Enemy::UpdateEffects|function
0041f670|Enemy::ResetEffectArray|function
0041f6f0|EnemyManager::RunEclTimeline|function
0041fd70|Enemy::HandleLifeCallback|function
0041ff80|Enemy::HandleTimerCallback|function
004202d0|Enemy::Despawn|function
004203b0|Enemy::ClampPos|function
00420490|Enemy::CheckBulletPlayerCollision|function
00420620|EnemyManager::OnUpdate|function
004220f0|EnemyManager::AngleLerp|function
00422170|EnemyManager::ActualOnDraw|function
00422ca0|EnemyManager::OnDraw1|function
00422cc0|EnemyManager::OnDraw2|function
00422ce0|EnemyManager::AddedCallback|function
00422e70|EnemyManager::DeletedCallback|function
00422f40|EnemyManager::RegisterChain|function
00423050|EnemyManager::CutChain|function
00423090|EnemyManager::RemoveAllEnemies|function
004232a0|EnemyManager::HasActiveBoss|function
004232e0|BulletManager::Initialize|function
00423330|BulletManager::BulletManager|function
00423420|BulletTypeSprites::BulletTypeSprites|function
00423510|Bullet::Bullet|function
004235d0|Laser::Laser|function
00423660|BulletManager::SetActiveSpriteByResolution|function
00423730|BulletManager::SpawnSingleBullet|function
00424290|Bullet::RunCommands|function
00424740|BulletManager::RemoveAllBullets|function
004249a0|BulletManager::DespawnBullets|function
00424c00|BulletManager::RemoveBulletsInRadius|function
00424d20|BulletManager::SpawnBulletPattern|function
00424e00|BulletManager::SpawnLaserPattern|function
004250d0|Bullet::UpdateBulletBurstSpeed|function
004251a0|Bullet::UpdateBulletTargetVelocity|function
00425310|Bullet::UpdateBulletTargetAngle|function
00425400|Bullet::UpdateBulletDirChangeAndResume|function
00425580|Bullet::UpdateBulletDirChangeAbsoluteAndResume|function
00425700|Bullet::UpdateBulletDirChangeAimAtPlayer|function
004258a0|Bullet::UpdateBulletBounce|function
00425a50|BulletManager::OnUpdate|function
00426b00|Bullet::Draw|function
00426c40|BulletManager::OnDraw|function
00426f60|BulletManager::AddedCallback|function
00427620|BulletManager::DeletedCallback|function
004276a0|BulletManager::RegisterChain|function
00427760|BulletManager::CutChain|function
004277a0|BulletManager::StopBulletMovement|function
004278b0|Bullet::AddCommand|function
00427910|EnemyBulletShooter::AddCommand|function
00427960|Bullet::AddAngleAccelCommand|function
004279a0|Bullet::AddTargetVelocityCommand|function
004279e0|EnemyBulletShooter::AddAngleAccelCommand|function
00427a20|EnemyBulletShooter::AddDirChangeCommand|function
00427a70|EnemyBulletShooter::AddTargetVelocityCommand|function
00427ab0|EnemyBulletShooter::AddSpawnDelayCommand|function
00427ae0|Gui::IsStageFinished|function
00427b21|Gui::EndPlayerSpellcard|function
00427b54|Gui::EndEnemySpellcard|function
00427ba2|Gui::ClearActiveSprites|function
00427be2|Gui::IsDialogueSkippable|function
00427bf8|Gui::ShowBonusScore|function
00427c81|Gui::ShowFullPowerMode|function
00427d09|Gui::ShowSpellcardBonus|function
00427d92|Gui::CopyTemplateSpriteToSprite|function
00427e7c|Gui::OnUpdate|function
00427f22|Gui::OnDraw|function
0042868d|Gui::ShowBombNamePortrait|function
00428887|Gui::ShowSpellcard|function
00428b19|Gui::ActualAddedCallback|function
00429935|Gui::LoadMsg|function
004299f8|Gui::FreeMsgFile|function
00429a36|Gui::MsgRead|function
00429a4f|GuiImpl::MsgRead|function
00429c42|GuiImpl::RunMsg|function
0042a876|GuiImpl::DrawDialogue|function
0042ad29|Gui::MsgWait|function
0042ad66|Gui::HasCurrentMsgIdx|function
0042adab|Gui::UpdateGui|function
0042b603|Gui::DrawGameScene|function
0042c577|Gui::DrawStageElements|function
0042d03a|Gui::AddedCallback|function
0042d04b|Gui::DeletedCallback|function
0042d136|Gui::RegisterChain|function
0042d24d|GuiImpl::GuiImpl|function
0042d465|GuiMsgVm::GuiMsgVm|function
0042d53d|Gui::CutChain|function
0042d560|GameManager::GameManager|function
0042d5cd|GameManager::AddLivesRemaining|function
0042d612|GameManager::AddBombsRemaining|function
0042d657|GameManager::ResetRegionsPos|function
0042d6d8|GameManager::IsInBounds|function
0042d75a|GameManager::ByteCsumAccumulator|function
0042d7be|GameManager::ComputeGameIntegrityCsum|function
0042d83a|GameManager::ExtendFromPoints|function
0042d8d5|GameManager::OnUpdate|function
0042e1d4|GameManager::OnDraw|function
0042e1f8|GameManager::DrawLoadingSprite|function
0042e38c|GameManager::InitializeRank|function
0042e3da|GameManager::InitializeRngAndCsum|function
0042e634|ResultScreen::ParseScores|function
0042e81b|GameManager::IncrementCappedAgain|function
0042e83e|GameManager::AddedCallback|function
0042f2e4|GameManager::DeletedCallback|function
0042f3c5|GameManager::RegisterChain|function
0042f45d|GameManager::CutChain|function
0042f4aa|GameManager::IncreaseSubrank|function
0042f526|GameManager::DecreaseSubrank|function
0042f5a2|GameManager::AddCherryPlus|function
0042f69f|GameManager::AddCherry|function
0042f736|GameManager::IncreaseCherry|function
0042f789|GameManager::IncreaseCherryMax|function
0042f7df|GameManager::HasReachedMaxClears|function
0042f853|GameManager::HasUnlockedPhantom|function
0042f8de|GameManager::HasReachedMaxClearsAllShotTypes|function
0042f94c|GameManager::HasUnlockedPhantomAndMaxClears|function
0042fa60|Chain::~Chain|function
0042fab0|ChainElem::ChainElem|function
0042fb20|ChainElem::~ChainElem|function
0042fb80|Chain::Chain|function
0042fbd0|Chain::AddToCalcChain|function
0042fca0|Chain::AddToDrawChain|function
0042fd60|Chain::RunCalcChain|function
0042fe20|Chain::RunDrawChain|function
0042fee0|Chain::ReleaseSingleChain|function
00430060|Chain::Release|function
00430090|Chain::CreateElem|function
00430140|Chain::Cut|function
00430290|Controller::GetJoystickCaps|function
004302f0|Controller::SetButtonFromDirectInputJoystate|function
00430370|Controller::SetButtonFromControllerInputs|function
004303f0|Controller::GetControllerInput|function
004309c0|Controller::GetControllerState|function
00430b50|Controller::GetInput|function
004312c0|Controller::ResetKeyboard|function
00431330|FileSystem::OpenFile|function
004314f0|FileSystem::CheckFileExists|function
00431540|FileSystem::WriteDataToFile|function
004315f0|GameErrorContext::Log|function
00431730|GameErrorContext::Fatal|function
00431870|Rng::GetRandomU16|function
004318d0|Rng::GetRandomU32|function
00431900|Rng::GetRandomFloat|function
00431930|utils::AddNormalizeAngle|function
004319b0|utils::Rotate|function
00431a0f|TextHelper::TextHelper|function
00431a4b|TextHelper::~TextHelper|function
00431a5c|TextHelper::ReleaseBuffer|function
00431ace|TextHelper::AllocateBufferWithFallback|function
00431b2d|TextHelper::TryAllocateBuffer|function
00431cec|TextHelper::GetFormatInfo|function
00431d3c|TextHelper::InvertAlpha|function
00432164|TextHelper::CopyTextToSurface|function
0043225b|TextHelper::CreateTextBuffer|function
0043227e|TextHelper::ReleaseTextBuffer|function
004322a3|TextHelper::RenderTextToTextureBold|function
004325c0|ItemManager::AngleToVector|function
004325e0|GameManager::AddCurrentPower|function
00432630|ItemManager::ItemManager|function
00432690|Item::Item|function
004326f0|ItemManager::SpawnItem|function
00432990|ItemManager::OnUpdate|function
00433a90|ItemManager::RemoveAllItems|function
00433b20|ItemManager::DespawnAllItems|function
00433c40|ItemManager::ActivateAllItems|function
00433cd0|ItemManager::OnDraw|function
00433e90|GameErrorContext::Flush|function
00433f20|AnmManager::ReleaseSurfaces|function
00433f90|AnmManager::TakeScreenshotIfRequested|function
00434020|WinMain|function
00434490|GameWindow::WindowProc|function
004345c0|GameWindow::Present|function
004346e0|GameWindow::Render|function
00434a40|GameWindow::InitD3dInterface|function
00434a80|GameWindow::CreateGameWindow|function
00434bd0|GameWindow::InitD3dRendering|function
004351c0|GameWindow::FormatCapability|function
00435230|GameWindow::FormatD3DCapabilities|function
004356a0|GameWindow::ResetRenderState|function
00435bd0|GameWindow::CheckForRunningGameInstance|function
00435e30|GameWindow::SetWindowActive|function
00435ec0|GameWindow::ChecksumExecutable|function
00435fc0|GameWindow::ResolveIt|function
00436110|MidiDevice::MidiDevice|function
00436140|MidiDevice::~MidiDevice|function
00436160|MidiDevice::OpenDevice|function
004361c0|MidiDevice::Close|function
00436200|MidiDevice::SendLongMsg|function
00436250|MidiDevice::SendShortMsg|function
004362a0|MidiTimer::MidiTimer|function
004362d0|MidiTimer::~MidiTimer|function
00436300|MidiTimer::StartTimer|function
00436380|MidiTimer::StopTimer|function
004363c0|MidiTimer::DefaultTimerCallback|function
004363e0|MidiOutput::Ntohs|function
00436400|MidiOutput::SkipVariableLength|function
00436450|MidiOutput::MidiOutput|function
004365b0|MidiOutput::~MidiOutput|function
00436650|MidiOutput::ReadFileData|function
004366c0|MidiOutput::ReleaseFileData|function
00436700|MidiOutput::ClearTracks|function
00436790|MidiOutput::ParseFile|function
004369c0|MidiOutput::LoadFile|function
00436a00|MidiOutput::LoadTracks|function
00436ad0|MidiOutput::Play|function
00436b30|MidiOutput::StopPlayback|function
00436bc0|MidiOutput::UnprepareHeader|function
00436c90|MidiOutput::SetFadeOut|function
00436ce0|MidiOutput::OnTimerElapsed|function
00436f50|MidiOutput::ProcessMsg|function
004377f0|MidiOutput::FadeOutSetVolume|function
004378b0|MidiTimer::UpdatePerfCounter|function
004378d0|MidiTimer::StartTimerDefault|function
004378f0|Supervisor::StopMidiTimer|function
00437903|Supervisor::DebugPrint2|function
00437908|Supervisor::CheckTiming|function
00437c39|AnmManager::ReleaseVertexBuffer|function
00437c70|Supervisor::OnUpdate|function
0043831b|Supervisor::OnDraw|function
0043832f|Supervisor::EnumGameControllersCb|function
0043836e|Supervisor::ControllerCallback|function
004383d8|Supervisor::SetupDInput|function
00438668|Supervisor::LoadGameData|function
004386f3|Supervisor::CheckVSync|function
00438986|Supervisor::AddedCallback|function
00438de2|Supervisor::DeletedCallback|function
00438fef|Supervisor::DestroyMidiTimer|function
00439000|Supervisor::RegisterChain|function
004390a5|Supervisor::DrawFpsCounter|function
00439401|ZunTimer::Increment|function
004394c7|ZunTimer::Decrement|function
0043958d|Supervisor::TickTimer|function
004395fb|Supervisor::SnapshotScreen|function
004398b6|Supervisor::LoadConfig|function
00439dd0|Supervisor::LoadAudio|function
00439ec1|Supervisor::PlayLoadedAudio|function
00439f4d|Supervisor::PlayAudio|function
0043a05f|Supervisor::StopAudio|function
0043a0d6|Supervisor::FadeOutMusic|function
0043a18d|Supervisor::CanSaveReplay|function
0043a1bd|Supervisor::EnableFog|function
0043a207|Supervisor::DisableFog|function
0043a24e|Supervisor::SetRenderState|function
0043a27f|Supervisor::UpdateStartupTime|function
0043a3f4|Supervisor::UpdateTime|function
0043a569|Supervisor::CheckIntegrity|function
0043a69b|MusicRoom::MusicRoom|function
0043a760|MusicRoom::CheckInputEnable|function
0043a801|MusicRoom::ProcessInput|function
0043ab60|MusicRoom::OnUpdate|function
0043ac4c|MusicRoom::OnDraw|function
0043ae20|MusicRoom::AddedCallback|function
0043b478|MusicRoom::DeletedCallback|function
0043b4db|MusicRoom::RegisterChain|function
0043b5c0|GameManager::RerollRng|function
0043b750|GameManager::CheckGameIntegrityOnDeath|function
0043b7a0|GameManager::AddBombsUsed|function
0043b7f0|Player::Player|function
0043ba10|PlayerBullet::PlayerBullet|function
0043baa0|PlayerBombInfo::PlayerBombInfo|function
0043bb10|PlayerBombSubInfo::PlayerBombSubInfo|function
0043bbd0|ShtData::DefaultFireBulletCallback|function
0043bdc0|ShtData::FireBulletDefault|function
0043be10|ShtData::FireOrbBulletUnfocused|function
0043bf50|ShtData::FireOrbBulletFocused|function
0043c0d0|ShtData::FireHomingBullet|function
0043c1c0|ShtData::FireRotatingOrbBullet|function
0043c250|ShtData::UpdateHomingBullet|function
0043c480|ShtData::UpdateHomingBulletFocused|function
0043c6b0|ShtData::UpdateUpwardAcceleratingBullet|function
0043c700|ShtData::UpdateOrbLaser|function
0043c940|ShtData::UpdatePlayerLaser|function
0043ccb0|ShtData::DrawBulletWithTrail|function
0043cde0|ShtData::OnMissileHit|function
0043d0e0|ShtData::SpawnHitParticles|function
0043d160|Player::SpawnBullets|function
0043d2f0|Player::UpdateShots|function
0043d690|Player::DrawBullets|function
0043d790|Player::DrawBulletExplosions|function
0043d880|Player::UpdateFireBulletTimer|function
0043d990|Player::StartFireBulletTimer|function
0043d9e0|Player::CheckCollisionWithEnemy|function
0043e0a0|Player::CheckBombGraze|function
0043e260|Player::CalcKillboxCollision|function
0043e3b0|Player::CheckGraze|function
0043e4e0|Player::CalcItemBoxCollision|function
0043e6b0|Player::CalcLaserHitbox|function
0043eb90|Player::ScoreGraze|function
0043edc0|Player::Die|function
0043ee50|Player::HandlePlayerInputs|function
00440940|Player::UpdateBombProjectiles|function
004409f0|Player::UpdateBorderAndBombState|function
00440cf0|Player::UpdateDeath|function
004411c0|Player::Respawn|function
00441330|Player::UpdateState|function
00441670|Player::BreakBorderNaturally|function
00441800|Player::SpawnBombProjectile|function
004418b0|Player::SpawnBombEffect|function
00441960|Player::ActivateBorder|function
00441bd0|Player::BreakBorder|function
00441e80|Player::UpdateUI|function
00441fb0|Player::OnUpdate|function
004420b0|Player::OnDrawHighPrio|function
00442350|Player::OnDrawLowPrio|function
00442370|Player::AngleToPlayer|function
004423e0|Player::AddedCallback|function
004428e0|Player::DeletedCallback|function
004429d0|Player::RegisterChain|function
00442b10|Player::CutChain|function
00442b70|ShtData::LoadShtData|function
00442c60|ReplayManager::OnUpdateRng|function
00442cd0|ReplayManager::OnUpdate|function
00442e50|ReplayManager::OnUpdateDemoLowPrio|function
00442ee0|ReplayManager::OnUpdateDemoHighPrio|function
00443040|ReplayManager::AddedCallback|function
004433b0|ReplayManager::ValidateReplayData|function
00443550|ReplayManager::AddedCallbackDemo|function
004439b0|ReplayManager::DeletedCallback|function
00443aa0|ReplayManager::RegisterChain|function
00443d30|ReplayManager::StopRecording|function
00443da0|ReplayManager::SaveReplay|function
004444d0|ReplayManager::SaveReplay2|function
00444a5b|ResultScreen::ResultScreen|function
00444b56|ResultScreen::LinkScore|function
00444bed|ResultScreen::FreeAllScores|function
00444c20|ResultScreen::OpenScore|function
00444f0d|ResultScreen::GetHighScore|function
00445069|ResultScreen::ParseCatk|function
00445110|ResultScreen::ParseLsnm|function
00445192|ResultScreen::ParseClrd|function
004452f4|ResultScreen::ParsePscr|function
0044547f|ResultScreen::ParsePlst|function
004454fc|ResultScreen::ReleaseScoreDat|function
0044552c|ResultScreen::WriteScore|function
00445a57|ResultScreen::MoveCursor|function
00445b56|ResultScreen::MoveCursor2|function
00445c55|ResultScreen::MoveCursorHorizontally|function
00445d60|ResultScreen::LinkScoreEx|function
00445d8b|ResultScreen::FreeScore|function
00445db3|ResultScreen::OnUpdate|function
00446a66|ResultScreen::HandleResultKeyboard|function
00447161|ResultScreen::GetDate|function
00447198|ResultScreen::HandleReplaySaveKeyboard|function
00447fd0|ResultScreen::CheckConfirmButton|function
00448098|ResultScreen::DrawStats|function
004488a9|ResultScreen::DrawFinalStats|function
00448d40|ResultScreen::OnDraw|function
00449b05|ResultScreen::AddedCallback|function
0044a1f9|ResultScreen::DeletedCallback|function
0044a302|ResultScreen::RegisterChain|function
0044a460|ScreenEffect::Clear|function
0044a520|ScreenEffect::SetViewport|function
0044a5a0|BombEffects::OnUpdateFadeOut|function
0044a650|ScreenEffect::DrawSquare|function
0044aa20|ScreenEffect::DrawColoredQuad|function
0044adf0|BombEffects::OnDrawFullScreenColor|function
0044ae90|BombEffects::OnUpdateFadeIn|function
0044af30|BombEffects::OnDrawPlayAreaColor|function
0044af80|BombEffects::OnUpdatePulse|function
0044b090|BombEffects::OnDrawPlayAreaPulseColor|function
0044b0e0|BombEffects::OnUpdateScreenShake|function
0044b280|BombEffects::AddedCallback|function
0044b2c0|BombEffects::DeletedCallback|function
0044b310|BombEffects::RegisterChain|function
0044b510|SoundPlayer::SoundPlayer|function
0044b560|SoundPlayer::InitializeDSound|function
0044b830|SoundPlayer::Release|function
0044ba80|SoundPlayer::GetWavFormatData|function
0044baf0|SoundPlayer::GetFmtIndexByName|function
0044bd00|SoundPlayer::LoadSound|function
0044bff0|SoundPlayer::LoadFmt|function
0044c020|SoundPlayer::StartBGM|function
0044c1b0|SoundPlayer::ReopenBGM|function
0044c220|SoundPlayer::PreloadBGM|function
0044c4d0|SoundPlayer::LoadBGM|function
0044c6b0|SoundPlayer::StopBGM|function
0044c7d0|SoundPlayer::InitSoundBuffers|function
0044c930|SoundPlayer::PlaySoundByIdx|function
0044c9c0|SoundPlayer::ProcessQueues|function
0044d200|SoundPlayer::BackgroundMusicPlayerThread|function
0044d2f0|SoundPlayer::PushCommand|function
0044d3e0|AnmManager::AnmManager|function
0044d620|AnmManager::~AnmManager|function
0044d630|AnmManager::SetupVertexBuffer|function
0044d8f0|AnmManager::LoadTexture|function
0044d9e0|AnmManager::LoadTextureEmbedded|function
0044dbe0|AnmManager::LoadTextureAlphaChannel|function
0044df40|AnmManager::CreateEmptyTexture|function
0044df90|AnmManager::LoadAnms|function
0044e070|AnmManager::LoadAnm|function
0044e4e0|AnmManager::ReleaseAnm|function
0044e6f0|AnmManager::ReleaseTexture|function
0044e780|AnmManager::LoadSprite|function
0044e8e0|AnmManager::SetActiveSprite|function
0044ea20|AnmManager::SetAndExecuteScript|function
0044eae0|AnmManager::SetRenderStateForVm|function
0044eec0|AnmManager::SyncRenderState|function
0044efb0|AnmManager::DrawInner|function
0044f580|AnmManager::ResetVertexBuffer|function
0044f5c0|AnmManager::Flush|function
0044f690|AnmManager::PushSprite|function
0044f770|AnmManager::DrawNoRotation|function
0044f960|AnmManager::TranslateRotation|function
0044f9a0|AnmManager::Draw|function
0044fc10|AnmManager::DrawFacingCamera|function
0044fe00|AnmManager::CalcBillboardTransform|function
00450130|AnmManager::DrawBillboard|function
004501a0|AnmManager::CalcProjectedTransform|function
004504b0|AnmManager::DrawProjected|function
00450520|AnmManager::Draw3|function
00450a50|AnmVm::GetFloatVarValue|function
00450b20|AnmVm::GetVarValue|function
00450c10|AnmVm::GetFloatVar|function
00450ca0|AnmVm::GetVar|function
00450d60|AnmManager::ExecuteScript|function
00454260|AnmManager::DrawTextToSprite|function
004542d0|AnmManager::DrawVmTextFmt|function
004543b0|AnmManager::DrawStringFormat|function
004545b0|AnmManager::DrawStringFormat2|function
004547b0|AnmManager::LoadSurface|function
00454a10|AnmManager::ReleaseSurface|function
00454aa0|AnmManager::CopySurfaceToBackBuffer|function
00454c60|AnmManager::DrawEndingRect|function
00454e10|AnmManager::TakeScreenshot|function
00454f30|AnmManager::CopyTexture|function
00455030|AnmManager::SetInterruptActiveVms|function
004550c0|AnmManager::ExecuteScripts|function
00455110|AnmManager::ExecuteVmsAnms|function
00455170|AnmManager::UpdateTrail|function
004552d0|AnmManager::DrawTriangleStrip|function
004553fa|MainMenu::InitializeTimingVars|function
00455435|MainMenu::SetGameState|function
0045547d|MainMenu::MainMenu|function
004554d6|MainMenu::OnUpdate|function
004555dd|MainMenu::OnUpdatePreInput|function
0045624d|MainMenu::OnUpdateOptionsMenu|function
00456e40|MainMenu::SwapMapping|function
00456f6b|MainMenu::OnUpdateKeyConfig|function
004578cc|MainMenu::UpdateMenuDigits|function
0045798b|MainMenu::OnUpdateSelectDifficulty|function
00457fe5|MainMenu::OnUpdateSelectCharacter|function
00459518|MainMenu::OnUpdateSelectShotType|function
0045a1dd|MainMenu::OnUpdateSelectPracticeStage|function
0045a924|MainMenu::OnUpdateSelectReplay|function
0045b5ef|MainMenu::DrawReplayMenu|function
0045b9ad|MainMenu::DrawPracticeMenu|function
0045bb4a|MainMenu::MoveCursorVertical|function
0045bc63|MainMenu::MoveCursorHorizontal|function
0045bd6c|MainMenu::OnDraw|function
0045bf15|MainMenu::ActualAddedCallback|function
0045c4c8|MainMenu::AddedCallback|function
0045c4d9|MainMenu::Release|function
0045c546|MainMenu::DeletedCallback|function
0045c5d0|MainMenu::RegisterChain|function
0045c6f0|CSoundManager::CSoundManager|function
0045c710|CSoundManager::~CSoundManager|function
0045c740|CSoundManager::Initialize|function
0045c7d0|CSoundManager::SetPrimaryBufferFormat|function
0045c8e0|CSoundManager::CreateStreaming|function
0045cc30|CSoundManager::CreateStreamingFromMemory|function
0045cf50|CSound::CSound|function
0045d030|CSound::`scalar deleting destructor'|function
0045d060|CStreamingSound::InitSoundBuffers|function
0045d2c0|CSound::~CSound|function
0045d3c0|CSound::FillBufferWithSound|function
0045d5b0|CSound::RestoreBuffer|function
0045d660|CSound::GetFreeBuffer|function
0045d720|CSound::GetBuffer|function
0045d760|CSound::Play|function
0045d860|CSound::Stop|function
0045d910|CSound::Pause|function
0045d960|CSound::Unpause|function
0045d9b0|CSound::Reset|function
0045da20|CStreamingSound::CStreamingSound|function
0045da80|CStreamingSound::`scalar deleting destructor'|function
0045dab0|CStreamingSound::~CStreamingSound|function
0045dad0|CStreamingSound::UpdateFadeOut|function
0045db60|CStreamingSound::HandleWaveStreamNotification|function
0045df50|CStreamingSound::Reset|function
0045e020|CWaveFile::CWaveFile|function
0045e060|CWaveFile::~CWaveFile|function
0045e080|CWaveFile::Open|function
0045e130|CWaveFile::Reopen|function
0045e190|CWaveFile::OpenFromMemory|function
0045e1f0|CWaveFile::GetSize|function
0045e210|CWaveFile::ResetFile|function
0045e360|CWaveFile::Read|function
0045e4b0|CWaveFile::Close|function
0045e4f0|utils::DebugPrint|function
0045e500|IPbg4File::~IPbg4File|function
0045e520|IPbg4File::`scalar deleting destructor'|function
0045e550|Pbg4File::Pbg4File|function
0045e590|Pbg4File::`scalar deleting destructor'|function
0045e5c0|Pbg4File::~Pbg4File|function
0045e620|Pbg4File::Open|function
0045e770|Pbg4File::Close|function
0045e7b0|Pbg4File::Read|function
0045e800|Pbg4File::Write|function
0045e850|Pbg4File::Tell|function
0045e880|Pbg4File::GetSize|function
0045e8b0|Pbg4File::Seek|function
0045e8f0|Pbg4File::ReadRemaining|function
0045e9d0|Pbg4File::GetFullPath|function
0045ead0|Lzss::Compress|function
0045ef00|Lzss::Decompress|function
0045f270|Lzss::InitializeTree|function
0045f2c0|Lzss::InitializeDictionary|function
0045f340|Lzss::InsertNode|function
0045f460|Lzss::DeleteNode|function
0045f4f0|Lzss::ContractNode|function
0045f580|Lzss::ReplaceNode|function
0045f640|Lzss::FindMinNode|function
0045f680|Pbg4Entry::~Pbg4Entry|function
0045f6b0|Pbg4Archive::Pbg4Archive|function
0045f6f0|Pbg4Archive::~Pbg4Archive|function
0045f710|Pbg4Archive::Load|function
0045f800|Pbg4Archive::Release|function
0045f8d0|Pbg4Entry::`vector deleting destructor'|function
0045f960|Pbg4Archive::ReadDecompressEntry|function
0045fab0|Pbg4Archive::GetEntrySize|function
0045fae0|Pbg4Archive::FindEntry|function
0045fb50|Pbg4Archive::OpenArchive|function
0045fde0|Pbg4Archive::AllocEntries|function
0045ffc0|Pbg4Archive::CopyFileName|function
00461a90|_DirectInput8Create@20|library
00461a96|_DirectSoundCreate8@12|library
00461a9c|_Direct3DCreate8@4|library
00461aa2|_D3DXMatrixMultiply@12|library
00461b85|_D3DXMatrixRotationX@8|library
00461bff|_D3DXMatrixRotationY@8|library
00461c7a|_D3DXMatrixRotationZ@8|library
00461cf6|_D3DXMatrixRotationQuaternion@8|library
00461dd8|_D3DXMatrixPerspectiveFovLH@20|library
00461e6c|D3DXVec3Cross|library
00461eb8|D3DXMatrixIdentity|library
00461f0c|_D3DXVec3Normalize@8|library
00461fb3|_D3DXVec3TransformCoord@12|library
00462083|_D3DXVec3Project@24|library
004621a0|_D3DXMatrixLookAtLH@16|library
004622a6|D3DXRelated|library
004622ca|FUN_004622ca|library
0046234a|FUN_0046234a|library
0046272c|_D3DXLoadSurfaceFromMemory@40|library
00462962|_D3DXCheckTextureRequirements@28|library
0046298a|_D3DXCreateTexture@32|library
004629f0|_D3DXLoadSurfaceFromFileInMemory@36|library
00462aa6|_D3DXLoadSurfaceFromSurface@32|library
00462bc3|_D3DXFilterTexture@16|library
00462cf4|_D3DXCreateTextureFromFileInMemoryEx@60|library
00463105|FUN_00463105|library
0046310f|FUN_0046310f|library
0046312d|FUN_0046312d|library
0046314f|FUN_0046314f|library
004633f0|FUN_004633f0|library
004637a6|FUN_004637a6|library
00463c7d|FUN_00463c7d|library
00463dfe|FUN_00463dfe|library
00463f5c|FUN_00463f5c|library
00464078|FUN_00464078|library
004641c8|FUN_004641c8|library
004642ec|FUN_004642ec|library
0046443b|FUN_0046443b|library
0046458e|FUN_0046458e|library
004646cd|FUN_004646cd|library
00464768|FUN_00464768|library
004648b4|FUN_004648b4|library
004649d5|FUN_004649d5|library
004649db|FUN_004649db|library
00464b27|FUN_00464b27|library
00464c66|FUN_00464c66|library
00464c89|FUN_00464c89|library
00464c99|FUN_00464c99|library
00464dcb|FUN_00464dcb|library
00464e6d|FUN_00464e6d|library
00464fe2|FUN_00464fe2|library
00465178|FUN_00465178|library
0046550d|FUN_0046550d|library
004658b6|FUN_004658b6|library
00465987|FUN_00465987|library
00465cc8|FUN_00465cc8|library
00466315|FUN_00466315|library
00466427|D3DFORMAT|library
00466440|FUN_00466440|library
00466499|FUN_00466499|library
00466ad4|FUN_00466ad4|library
00466b16|FUN_00466b16|library
00466d6b|FUN_00466d6b|library
004671e3|FUN_004671e3|library
004674a8|FUN_004674a8|library
004674b3|FUN_004674b3|library
004674b4|FUN_004674b4|library
004679ca|FUN_004679ca|library
00467cdd|FUN_00467cdd|library
00467d0d|FUN_00467d0d|library
00467e67|FUN_00467e67|library
00467e71|FUN_00467e71|library
00467ec7|FUN_00467ec7|library
00467f30|FUN_00467f30|library
00467fc6|FUN_00467fc6|library
0046803e|FUN_0046803e|library
004680bc|FUN_004680bc|library
00468126|FUN_00468126|library
004681c5|FUN_004681c5|library
004681f1|FUN_004681f1|library
00468214|FUN_00468214|library
00468224|FUN_00468224|library
0046840d|FUN_0046840d|library
00468429|FUN_00468429|library
00468499|FUN_00468499|library
0046855a|FUN_0046855a|library
00468653|FUN_00468653|library
0046872a|FUN_0046872a|library
00468801|FUN_00468801|library
004688d8|FUN_004688d8|library
004689cb|FUN_004689cb|library
00468ac4|FUN_00468ac4|library
00468b95|FUN_00468b95|library
00468c17|FUN_00468c17|library
00468d10|FUN_00468d10|library
00468de7|FUN_00468de7|library
00468ee4|FUN_00468ee4|library
00468f9e|FUN_00468f9e|library
0046903c|FUN_0046903c|library
0046910c|FUN_0046910c|library
004691d4|FUN_004691d4|library
00469284|FUN_00469284|library
00469363|FUN_00469363|library
0046944a|FUN_0046944a|library
0046955b|FUN_0046955b|library
0046960c|FUN_0046960c|library
004696f8|FUN_004696f8|library
00469784|FUN_00469784|library
00469826|FUN_00469826|library
004698be|FUN_004698be|library
00469963|FUN_00469963|library
00469a05|FUN_00469a05|library
00469ab5|FUN_00469ab5|library
00469b64|FUN_00469b64|library
00469c06|FUN_00469c06|library
00469c78|FUN_00469c78|library
00469d2a|FUN_00469d2a|library
00469dc9|FUN_00469dc9|library
00469eb4|FUN_00469eb4|library
00469f22|FUN_00469f22|library
00469fab|FUN_00469fab|library
0046a034|FUN_0046a034|library
0046a105|FUN_0046a105|library
0046a2f8|FUN_0046a2f8|library
0046a6b0|FUN_0046a6b0|library
0046a7c7|FUN_0046a7c7|library
0046aaf4|FUN_0046aaf4|library
0046ad9b|FUN_0046ad9b|library
0046ae95|FUN_0046ae95|library
0046aeb1|thunk_FUN_00467e67|library
0046aeb6|FUN_0046aeb6|library
0046aefb|FUN_0046aefb|library
0046af4f|FUN_0046af4f|library
0046b57b|FUN_0046b57b|library
0046b597|FUN_0046b597|library
0046b5b3|thunk_FUN_0046aeb6|library
0046b5b8|FUN_0046b5b8|library
0046b5d4|thunk_FUN_0046aefb|library
0046b5d9|FUN_0046b5d9|library
0046b699|thunk_FUN_004716e5|library
0046b69e|FUN_0046b69e|library
0046b81d|FUN_0046b81d|library
0046b8b7|FUN_0046b8b7|library
0046b958|FUN_0046b958|library
0046b9bb|FUN_0046b9bb|library
0046ba5f|FUN_0046ba5f|library
0046bae3|FUN_0046bae3|library
0046bba4|FUN_0046bba4|library
0046bc32|FUN_0046bc32|library
0046bf2d|FUN_0046bf2d|library
0046c216|FUN_0046c216|library
0046c452|FUN_0046c452|library
0046c5cc|FUN_0046c5cc|library
0046c723|FUN_0046c723|library
0046c9b7|FUN_0046c9b7|library
0046cc01|FUN_0046cc01|library
0046cce0|FUN_0046cce0|library
0046cd7c|FUN_0046cd7c|library
0046ce53|FUN_0046ce53|library
0046d0df|FUN_0046d0df|library
0046d24c|FUN_0046d24c|library
0046d276|FUN_0046d276|library
0046d2f3|FUN_0046d2f3|library
0046d404|FUN_0046d404|library
0046d450|FUN_0046d450|library
0046d4d7|FUN_0046d4d7|library
0046d4f1|FUN_0046d4f1|library
0046d514|FUN_0046d514|library
0046d529|FUN_0046d529|library
0046d54e|FUN_0046d54e|library
0046d573|FUN_0046d573|library
0046d676|FUN_0046d676|library
0046d7ea|FUN_0046d7ea|library
0046d80a|FUN_0046d80a|library
0046dbb2|FUN_0046dbb2|library
0046dbff|FUN_0046dbff|library
0046dd22|FUN_0046dd22|library
0046dda3|FUN_0046dda3|library
0046ddbd|FUN_0046ddbd|library
0046ddd3|FUN_0046ddd3|library
0046dde9|FUN_0046dde9|library
0046de12|FUN_0046de12|library
0046de3d|FUN_0046de3d|library
0046df0e|FUN_0046df0e|library
0046df41|FUN_0046df41|library
0046dfa8|FUN_0046dfa8|library
0046dfb1|FUN_0046dfb1|library
0046dfca|FUN_0046dfca|library
0046dfe3|FUN_0046dfe3|library
0046e030|FUN_0046e030|library
0046e0ef|FUN_0046e0ef|library
0046e0f8|FUN_0046e0f8|library
0046e12e|FUN_0046e12e|library
0046e137|FUN_0046e137|library
0046e222|FUN_0046e222|library
0046e331|FUN_0046e331|library
0046e4ac|FUN_0046e4ac|library
0046e4f0|FUN_0046e4f0|library
0046e727|FUN_0046e727|library
0046ea99|FUN_0046ea99|library
0046eca0|FUN_0046eca0|library
0046eff3|FUN_0046eff3|library
0046f100|FUN_0046f100|library
0046f3ff|FUN_0046f3ff|library
0046f514|FUN_0046f514|library
0046f6b0|FUN_0046f6b0|library
0046f6cb|FUN_0046f6cb|library
0046f76d|FUN_0046f76d|library
0046f791|FUN_0046f791|library
0046f7ac|FUN_0046f7ac|library
0046f7e5|FUN_0046f7e5|library
0046f82c|FUN_0046f82c|library
0046f854|FUN_0046f854|library
0046f893|FUN_0046f893|library
0046f8db|FUN_0046f8db|library
0046f92e|thunk_FUN_00472291|library
0046f933|FUN_0046f933|library
0046f94b|FUN_0046f94b|library
0046f98a|FUN_0046f98a|library
0046f998|FUN_0046f998|library
0046f9a3|FUN_0046f9a3|library
0046f9c5|FUN_0046f9c5|library
0046fa2e|FUN_0046fa2e|library
0046fa54|FUN_0046fa54|library
0046fa86|FUN_0046fa86|library
0046fabb|FUN_0046fabb|library
0046faeb|FUN_0046faeb|library
0046fb38|FUN_0046fb38|library
0046fbd7|FUN_0046fbd7|library
0046fc62|FUN_0046fc62|library
0046fd94|FUN_0046fd94|library
0046fdf5|FUN_0046fdf5|library
0047028c|FUN_0047028c|library
00470375|FUN_00470375|library
004703c3|FUN_004703c3|library
004704c3|FUN_004704c3|library
004704f5|FUN_004704f5|library
0047054e|FUN_0047054e|library
004706a4|FUN_004706a4|library
004706b4|FUN_004706b4|library
004706cc|FUN_004706cc|library
00470713|FUN_00470713|library
00470735|FUN_00470735|library
00470750|FUN_00470750|library
00470781|FUN_00470781|library
0047093c|FUN_0047093c|library
00470ab2|FUN_00470ab2|library
00470b44|FUN_00470b44|library
00470c11|FUN_00470c11|library
00470c59|FUN_00470c59|library
00470c9a|FUN_00470c9a|library
00470caf|FUN_00470caf|library
00470dab|FUN_00470dab|library
00470e39|FUN_00470e39|library
00470ecb|FUN_00470ecb|library
00470f69|FUN_00470f69|library
00470fca|FUN_00470fca|library
0047102b|FUN_0047102b|library
004711aa|FUN_004711aa|library
00471232|FUN_00471232|library
004712bd|FUN_004712bd|library
004713db|FUN_004713db|library
004714fe|FUN_004714fe|library
004715df|FUN_004715df|library
0047160f|FUN_0047160f|library
004716c3|FUN_004716c3|library
004716e5|FUN_004716e5|library
00471700|FUN_00471700|library
0047171c|FUN_0047171c|library
00471738|FUN_00471738|library
004717a9|FUN_004717a9|library
00471998|FUN_00471998|library
00471a07|FUN_00471a07|library
00471d02|FUN_00471d02|library
00471d32|FUN_00471d32|library
00471d71|FUN_00471d71|library
00471daf|FUN_00471daf|library
00471e94|FUN_00471e94|library
00471eab|FUN_00471eab|library
0047220c|FUN_0047220c|library
0047224e|FUN_0047224e|library
0047225b|FUN_0047225b|library
00472291|FUN_00472291|library
004722aa|FUN_004722aa|library
004722cd|FUN_004722cd|library
00472300|FUN_00472300|library
00472323|FUN_00472323|library
00472336|FUN_00472336|library
0047235a|FUN_0047235a|library
004723b8|FUN_004723b8|library
0047241a|FUN_0047241a|library
0047262e|FUN_0047262e|library
004728f7|FUN_004728f7|library
00472a70|FUN_00472a70|library
00472c0c|FUN_00472c0c|library
00472c98|FUN_00472c98|library
00472e8f|FUN_00472e8f|library
00472fb8|FUN_00472fb8|library
00473002|FUN_00473002|library
00473102|FUN_00473102|library
004731f1|FUN_004731f1|library
0047338a|FUN_0047338a|library
004733d4|FUN_004733d4|library
004735f9|FUN_004735f9|library
00473702|FUN_00473702|library
0047370d|FUN_0047370d|library
00473712|FUN_00473712|library
00473726|FUN_00473726|library
004737ce|FUN_004737ce|library
004738ff|FUN_004738ff|library
004739d3|FUN_004739d3|library
00473a69|FUN_00473a69|library
00473ad1|FUN_00473ad1|library
00473c64|FUN_00473c64|library
00473d37|FUN_00473d37|library
00473d86|FUN_00473d86|library
00473f60|FUN_00473f60|library
004740ff|FUN_004740ff|library
00474265|FUN_00474265|library
00474860|FUN_00474860|library
0047489b|FUN_0047489b|library
00474993|FUN_00474993|library
00474b36|FUN_00474b36|library
00474c20|FUN_00474c20|library
00474d06|FUN_00474d06|library
00474d64|FUN_00474d64|library
00475131|FUN_00475131|library
00475260|FUN_00475260|library
0047529a|FUN_0047529a|library
004752f5|FUN_004752f5|library
004754f2|FUN_004754f2|library
0047571f|FUN_0047571f|library
00475801|FUN_00475801|library
00475b6f|FUN_00475b6f|library
00475e12|FUN_00475e12|library
00475e73|FUN_00475e73|library
0047602a|FUN_0047602a|library
0047609e|FUN_0047609e|library
00476103|FUN_00476103|library
00476193|FUN_00476193|library
004762c5|FUN_004762c5|library
00476362|FUN_00476362|library
0047643b|FUN_0047643b|library
0047651a|FUN_0047651a|library
00476571|FUN_00476571|library
004765db|FUN_004765db|library
0047667e|FUN_0047667e|library
00476785|FUN_00476785|library
00476946|FUN_00476946|library
004769f6|FUN_004769f6|library
00476a60|FUN_00476a60|library
00476a83|FUN_00476a83|library
00476bb5|FUN_00476bb5|library
00476cf2|FUN_00476cf2|library
00476f10|FUN_00476f10|library
004770f6|FUN_004770f6|library
0047719c|FUN_0047719c|library
004771cd|FUN_004771cd|library
00477323|FUN_00477323|library
00477509|FUN_00477509|library
0047757e|FUN_0047757e|library
004775ea|FUN_004775ea|library
00477613|FUN_00477613|library
00477636|FUN_00477636|library
0047796e|FUN_0047796e|library
00477a88|FUN_00477a88|library
00477bc0|FUN_00477bc0|library
00477c4d|FUN_00477c4d|library
00477dcd|FUN_00477dcd|library
00477ee7|FUN_00477ee7|library
00477fb7|FUN_00477fb7|library
00478060|FUN_00478060|library
004782ce|FUN_004782ce|library
00478380|FUN_00478380|library
00478491|FUN_00478491|library
004785a4|FUN_004785a4|library
0047866f|FUN_0047866f|library
00478688|FUN_00478688|library
0047869b|FUN_0047869b|library
004787b8|FUN_004787b8|library
004788d9|FUN_004788d9|library
0047893b|FUN_0047893b|library
00478994|FUN_00478994|library
00478a1c|FUN_00478a1c|library
00478aa9|FUN_00478aa9|library
00478b94|FUN_00478b94|library
00478c93|FUN_00478c93|library
00478e17|FUN_00478e17|library
00478e4d|FUN_00478e4d|library
00478f29|FUN_00478f29|library
00478fb2|FUN_00478fb2|library
0047901d|FUN_0047901d|library
004790a8|FUN_004790a8|library
004799c1|FUN_004799c1|library
004799f5|FUN_004799f5|library
00479b0e|FUN_00479b0e|library
00479b1e|FUN_00479b1e|library
00479b29|FUN_00479b29|library
00479e3e|FUN_00479e3e|library
00479ffc|FUN_00479ffc|library
0047a039|FUN_0047a039|library
0047a085|FUN_0047a085|library
0047a0d1|FUN_0047a0d1|library
0047a4b2|FUN_0047a4b2|library
0047a4e6|FUN_0047a4e6|library
0047aa3c|FUN_0047aa3c|library
0047aa4d|FUN_0047aa4d|library
0047add2|FUN_0047add2|library
0047ae51|FUN_0047ae51|library
0047af54|FUN_0047af54|library
0047af83|FUN_0047af83|library
0047b098|FUN_0047b098|library
0047b585|FUN_0047b585|library
0047bd10|FUN_0047bd10|library
0047c0b9|FUN_0047c0b9|library
0047ce8c|FUN_0047ce8c|library
0047d136|_WINNLSEnableIME@8|library
0047d13c|vsprintf|library
0047d193|_onexit_lk|library
0047d213|__onexitinit|library
0047d23b|_onexit|library
0047d26d|FUN_0047d26d|library
0047d273|atexit|library
0047d285|free|library
0047d2d8|FUN_0047d2d8|library
0047d2f6|_heap_alloc|library
0047d368|FUN_0047d368|library
0047d371|_nh_malloc|library
0047d39d|malloc|library
0047d3af|atol|library
0047d437|atol|library
0047d43c|operator delete|library
0047d441|operator new|library
0047d44f|sprintf|library
0047d4b0|strrchr|library
0047d4e0|memcpy|library
0047d820|memmove|library
0047db60|strlen|library
0047dbf0|memset|library
0047dc50|mkdir|library
0047dc7c|sscanf|library
0047dcb0|strncmp|library
0047dd00|strchr|library
0047ddc0|strcpy|library
0047ddd0|FUN_0047ddd0|library
0047deb8|localtime32|library
0047e058|FID_conflict:__store_num|library
0047e0d1|FUN_0047e0d1|library
0047e311|FUN_0047e311|library
0047e723|FUN_0047e723|library
0047e7c7|_Strftime|library
0047e7f9|strftime|library
0047e814|_time32|library
0047e84d|chdir|library
0047e8e9|rand|library
0047e90b|_purecall|library
0047e914|_ArrayUnwind|library
0047e972|`eh vector destructor iterator'|library
0047e9ba|FUN_0047e9ba|library
0047e9d2|`eh vector constructor iterator'|library
0047ea1c|FUN_0047ea1c|library
0047ea34|_amsg_exit|library
0047ea59|fast_error_exit|library
0047ea7d|entry|library
0047ec4f|FUN_0047ec4f|library
0047ec87|FUN_0047ec87|library
0047eca0|CIacos|library
0047ecbd|FUN_0047ecbd|library
0047ed6b|FUN_0047ed6b|library
0047ee10|FUN_0047ee10|library
0047ef34|_ftol|library
0047ef5c|longjmp|library
0047efd8|_setjmp3|library
0047f053|isdigit|library
0047f08d|isxdigit|library
0047f0cc|isspace|library
0047f150|FUN_0047f150|library
0047f1ad|FUN_0047f1ad|library
0047f372|FUN_0047f372|library
0047f3a0|_chkstk|library
0047f3dd|JumpToContinuation|library
0047f40d|FID_conflict:_CallMemberFunction1|library
0047f414|UnwindNestedFrames|library
0047f466|__CxxFrameHandler|library
0047f4c0|FUN_0047f4c0|library
0047f531|GetRangeOfTrysToCheck|library
0047f5ab|FUN_0047f5ab|library
0047f5d3|FUN_0047f5d3|library
0047f5f4|FindAndUnlinkFrame|library
0047f640|FUN_0047f640|library
0047f691|FUN_0047f691|library
0047f740|_global_unwind2|library
0047f782|_local_unwind2|library
0047f7ea|_abnormal_termination|library
0047f80d|_NLG_Notify1|library
0047f816|FUN_0047f816|library
0047f830|__EH_prolog|library
0047f84f|__crtExitProcess|library
0047f87f|FUN_0047f87f|library
0047f888|FUN_0047f888|library
0047f891|FUN_0047f891|library
0047f8f6|FUN_0047f8f6|library
0047f9c9|FUN_0047f9c9|library
0047f9da|_exit|library
0047f9eb|FUN_0047f9eb|library
0047f9fa|FUN_0047f9fa|library
0047fa09|calloc|library
0047fab3|FUN_0047fab3|library
0047fac4|_flsbuf|library
0047fbdd|write_char|library
0047fc10|write_multi_char|library
0047fc34|write_string|library
0047fc6b|FUN_0047fc6b|library
00480400|realloc|library
00480568|FUN_00480568|library
004805ad|_msize|library
0048061a|FUN_0048061a|library
00480624|_SEH_prolog|library
0048065f|_SEH_epilog|library
00480670|__heap_select|library
0048068a|_heap_init|library
004806db|_mtinitlocks|library
00480724|_mtdeletelocks|library
00480779|FUN_00480779|library
0048078e|FUN_0048078e|library
0048080d|_lock|library
0048083e|__sbh_heap_init|library
00480886|__sbh_find_block|library
004808b1|__sbh_free_block|library
00480bc9|__sbh_alloc_new_region|library
00480c80|__sbh_alloc_new_group|library
00480d86|__sbh_resize_block|library
00481065|__sbh_alloc_block|library
00481361|_callnewh|library
0048137c|FUN_0048137c|library
004813f3|FUN_004813f3|library
004814bd|FUN_004814bd|library
0048157f|__updatetlocinfo|library
004815b1|FUN_004815b1|library
004815ba|FUN_004815ba|library
004815d8|_getptd|library
00481649|FUN_00481649|library
004816c0|_allmul|library
004816f4|FUN_004816f4|library
004816fd|FUN_004816fd|library
00481706|_dosmaperr|library
00481779|_inc|library
0048178f|FUN_0048178f|library
00482237|FUN_00482237|library
004824a8|cvtdate|library
00482660|FUN_00482660|library
004827eb|FUN_004827eb|library
00482819|FUN_00482819|library
00482839|gmtime|library
00482940|__ascii_stricmp|library
0048298e|FUN_0048298e|library
00482a60|_aulldiv|library
00482ac8|_mbctoupper|library
00482b4d|report_failure|library
00482b7e|_security_check_cookie|library
00482b8c|terminate|library
00482bc1|inconsistency|library
00482bee|FUN_00482bee|library
00482d65|_FF_MSGBANNER|library
00482d9e|_XcptFilter|library
00482f02|FUN_00482f02|library
00482f6b|_setenvp|library
00483032|FUN_00483032|library
0048319e|FUN_0048319e|library
00483240|__crtGetEnvironmentStringsA|library
00483362|FUN_00483362|library
00483560|FUN_00483560|library
004835a4|FUN_004835a4|library
004835e8|_forcdecpt|library
00483689|_fassign|library
004836c7|_shift|library
004836e4|_cftoe2|library
00483792|FUN_00483792|library
00483806|FUN_00483806|library
004838a2|FUN_004838a2|library
0048390a|FUN_0048390a|library
004839aa|_cfltcvt|library
004839fb|FUN_004839fb|library
00483a0d|_ms_p5_test_fdiv|library
00483a4d|_ms_p5_mp_test_fdiv|library
00483a80|_trandisp1|library
00483ae7|_trandisp2|library
00483c39|FUN_00483c39|library
00483c43|FUN_00483c43|library
00483c50|FUN_00483c50|library
00483c67|_startOneArgErrorHandling|library
00483cb0|FUN_00483cb0|library
00483cc5|FUN_00483cc5|library
00483cdc|FUN_00483cdc|library
00483cf5|_fload_withFB|library
00483d38|FUN_00483d38|library
00483d4e|FUN_00483d4e|library
00483d5b|_math_exit|library
00483d99|FUN_00483d99|library
00483e3c|_set_exp|library
00483e66|_sptype|library
00483ec1|FUN_00483ec1|library
00483f7b|_raise_exc|library
00484220|FUN_00484220|library
00484442|FID_conflict:__set_errno_from_matherr|library
0048446a|_errcode|library
00484497|_umatherr|library
00484535|_handle_qnan1|library
00484588|FUN_00484588|library
00484646|FUN_00484646|library
00484653|FUN_00484653|library
00484661|_ctrlfp|library
00484685|FUN_00484685|library
004846de|FUN_004846de|library
00484972|FUN_00484972|library
004849a7|FUN_004849a7|library
00484acf|_rt_probe_read4@4|library
00484b20|FUN_00484b20|library
00484b39|FUN_00484b39|library
004857ce|FUN_004857ce|library
00485811|FUN_00485811|library
00485877|FUN_00485877|library
004858e1|_powhlp|library
00485a43|TypeMatch|library
00485a92|FUN_00485a92|library
00485ab0|__FrameUnwindToState|library
00485b63|FUN_00485b63|library
00485b7e|__DestructExceptionObject|library
00485bc3|FUN_00485bc3|library
00485be0|FUN_00485be0|library
00485d23|FUN_00485d23|library
00485d87|BuildCatchObject|library
00485f03|CatchIt|library
00485f6a|FUN_00485f6a|library
0048602a|FUN_0048602a|library
0048620c|__InternalCxxFrameHandler|library
004862b0|_CallSettingFrame@12|library
004862fc|_lseek_lk|library
00486370|_lseek|library
004863f7|FUN_004863f7|library
0048641b|FUN_0048641b|library
004865c0|_write|library
00486647|FUN_00486647|library
0048666b|_getbuf|library
004866af|_isatty|library
00486782|__endstdio|library
00486796|_lock_file|library
004867c5|_lock_file2|library
004867e8|_unlock_file|library
00486817|_unlock_file2|library
0048683a|__wctomb_mt|library
0048689a|wctomb|library
004868d0|_aulldvrm|library
00486a2d|_seh_longjmp_unwind@4|library
00486a48|__crtInitCritSecNoSpinCount@8|library
00486a58|__crtInitCritSecAndSpinCount|library
00486ae3|__crtGetStringTypeA|library
00486c9d|__free_lc_time|library
00486e2d|__free_lconv_num|library
00486e8c|__free_lconv_mon|library
00486f70|strcspn|library
00486fc0|strncpy|library
004870f0|strcmp|library
00487240|strpbrk|library
00487280|FUN_00487280|library
004872af|setSBCS|library
004872d8|FUN_004872d8|library
0048746a|__updatetmbcinfo|library
004874d0|FUN_004874d0|library
004874d9|FUN_004874d9|library
0048766f|_setmbcp|library
004877b6|FUN_004877b6|library
004877bf|__initmbctable|library
004877dd|_filbuf|library
004878be|FID_conflict:_ungetc|library
0048792a|__mbtowc_mt|library
004879ea|mbtowc|library
00487a15|FID_conflict:__getenv_lk|library
00487a96|__crtLCMapStringA|library
00487e52|FUN_00487e52|library
00487ea8|FUN_00487ea8|library
00487ff2|abort|library
0048800a|__crtMessageBoxA|library
00488103|FUN_00488103|library
00488134|FUN_00488134|library
00488145|FUN_00488145|library
0048820d|tolower|library
0048822f|_ZeroTail|library
00488261|_IncMan|library
004882ae|_RoundMan|library
00488320|_CopyMan|library
0048833b|_IsZeroMan|library
00488354|_ShrMan|library
004883cf|_ld12cvt|library
00488527|FID_conflict:__ld12tod|library
0048853d|FID_conflict:__ld12tod|library
00488553|FUN_00488553|library
00488596|FUN_00488596|library
004885d9|FUN_004885d9|library
00488650|__dtold|library
0048870a|FUN_0048870a|library
0048877c|FUN_0048877c|library
00488785|_abstract_cw|library
00488817|_hw_cw|library
004888a5|_control87|library
004888d7|_controlfp|library
004888ed|FUN_004888ed|library
004889eb|FUN_004889eb|library
004889ee|FUN_004889ee|library
00488a10|FUN_00488a10|library
00488fc6|FUN_00488fc6|library
00488fd9|FUN_00488fd9|library
00489201|FUN_00489201|library
00489216|FUN_00489216|library
0048941c|FUN_0048941c|library
004894ce|FUN_004894ce|library
004896d4|FUN_004896d4|library
0048979b|FUN_0048979b|library
004897f4|FUN_004897f4|library
00489801|FID_conflict:_ValidateRead|library
0048981d|FID_conflict:_ValidateRead|library
00489839|ValidateExecute|library
00489851|_free_osfhnd|library
004898d0|_get_osfhandle|library
00489911|FUN_00489911|library
00489984|FUN_00489984|library
004899a6|_lseeki64_lk|library
00489a29|_fcloseall|library
00489abb|FUN_00489abb|library
00489ac4|_flush|library
00489b21|_fflush_lk|library
00489b4f|flsall|library
00489bef|FUN_00489bef|library
00489c1b|FUN_00489c1b|library
00489c24|_flushall|library
00489c2d|FUN_00489c2d|library
00489c76|FUN_00489c76|library
00489e45|_stricmp|library
00489eae|FUN_00489eae|library
0048a07b|_read|library
0048a102|FUN_0048a102|library
0048a126|_mbsnbicoll|library
0048a174|FUN_0048a174|library
0048a1df|siglookup|library
0048a20d|raise|library
0048a348|FUN_0048a348|library
0048a386|__addl|library
0048a3a7|__add_12|library
0048a405|__shl_12|library
0048a433|__shr_12|library
0048a460|FUN_0048a460|library
0048a544|FUN_0048a544|library
0048a97e|FUN_0048a97e|library
0048ac12|_fclose_lk|library
0048ac5e|fclose|library
0048aca7|FUN_0048aca7|library
0048acaf|_commit|library
0048ad4f|FUN_0048ad4f|library
0048ad70|__ascii_strnicmp|library
0048add1|strncnt|library
0048aded|FUN_0048aded|library
0048b177|findenv|library
0048b1c4|copy_environ|library
0048b225|FUN_0048b225|library
0048b3da|FUN_0048b3da|library
0048b612|FUN_0048b612|library
0048b69e|FUN_0048b69e|library
0048b721|_close|library
0048b798|FUN_0048b798|library
0048b7bc|_freebuf|library
0048b7e7|_strdup|library
0048b812|_mbschr|library
0048b890|RtlUnwind|library
0048b8a0|_ftol2|library
0048b920|_CItan|library
0048b93d|tan|library
0048ba20|_CIatan|library
0048ba78|atan|library
0048bb0a|_CIfmod|library
0048bb40|_CIsin|library
0048bb5d|sin|library
0048bbf0|_CIcos|library
0048bc0d|cos|library
0048bcaa|_CIatan2|library
0048bcc0|_CIsqrt|library
0048bcdd|sqrt|library
0048bd80|FUN_0048bd80|library
0048bd9e|FUN_0048bd9e|library
0048c070|_cintrindisp2|library
0048c0ae|_cintrindisp1|library
0048c0eb|_ctrandisp2|library
0048c133|FUN_0048c133|library
0048c13a|FUN_0048c13a|library
0048c281|_ctrandisp1|library
0048c2b4|_fload|library
0048c32c|FUN_0048c32c|library
0048c35c|FUN_0048c35c|library
0048c3a0|Unwind@0048c3a0|library
0048c3b4|Unwind@0048c3b4|library
0048c3be|Unwind@0048c3be|library
0048c3c8|Unwind@0048c3c8|library
0048c3d2|Unwind@0048c3d2|library
0048c3dc|Unwind@0048c3dc|library
0048c3e6|Unwind@0048c3e6|library
0048c3f0|Unwind@0048c3f0|library
0048c410|Unwind@0048c410|library
0048c430|Unwind@0048c430|library
0048c450|Unwind@0048c450|library
0048c470|Unwind@0048c470|library
0048c478|Unwind@0048c478|library
0048c490|Unwind@0048c490|library
0048c4b0|Unwind@0048c4b0|library
0048c4d0|Unwind@0048c4d0|library
0048c4f0|Unwind@0048c4f0|library
0048c510|Unwind@0048c510|library
0048c51b|Unwind@0048c51b|library
0048c530|Unwind@0048c530|library
0048c53b|Unwind@0048c53b|library
0048c550|Unwind@0048c550|library
0048c570|Unwind@0048c570|library
0048c578|Unwind@0048c578|library
0048c583|Unwind@0048c583|library
0048c598|Unwind@0048c598|library
0048c5ac|Unwind@0048c5ac|library
0048c5c0|Unwind@0048c5c0|library
0048c5ca|Unwind@0048c5ca|library
0048c5de|Unwind@0048c5de|library
0048c600|FUN_0048c600|library
0048c620|FUN_0048c620|library
0048c640|FUN_0048c640|library
0048c660|FUN_0048c660|library
0048c680|InitializeGlobalStage|library
0048c6a0|FUN_0048c6a0|library
0048c6c0|FUN_0048c6c0|library
0048c6e0|FUN_0048c6e0|library
0048c700|FUN_0048c700|library
0048c720|FUN_0048c720|library
0048c770|InitializeGlobalEffectManager|library
0048c790|FUN_0048c790|library
0048c7b0|FUN_0048c7b0|library
0048c7d0|FUN_0048c7d0|library
0048c7f0|FUN_0048c7f0|library
0048c810|FUN_0048c810|library
0048c830|InitializeGlobalEnemyManager|library
0048c840|FUN_0048c840|library
0048c860|FUN_0048c860|library
0048c880|InitializeGlobalBulletManager|library
0048c88f|FUN_0048c88f|library
0048c8a9|FUN_0048c8a9|library
0048c8c3|InitializeGlobalGameManager|library
0048c8d2|FUN_0048c8d2|library
0048c8ec|FUN_0048c8ec|library
0048c910|InitializeGlobalChain|library
0048c930|FUN_0048c930|library
0048c950|InitializeGlobalPbg4Archive|library
0048c970|InitializeGlobalGameErrorContext|library
0048c9b0|InitializeGlobalItemManager|library
0048c9d0|FUN_0048c9d0|library
0048c9f0|FUN_0048c9f0|library
0048ca10|InitializeGlobalGameWindow|library
0048ca25|FUN_0048ca25|library
0048ca40|InitializeGlobalPlayer|library
0048ca60|FUN_0048ca60|library
0048ca90|InitializeGlobalSoundPlayer|library
0048cab0|FUN_0048cab0|library
0048caf0|FUN_0048caf0|library
0048cb30|FUN_0048cb30|library
0048cb70|FUN_0048cb70|library
0048cba0|FUN_0048cba0|library
0048cbb0|FUN_0048cbb0|library
0048cbc0|FUN_0048cbc0|library
0048cbd0|FUN_0048cbd0|library
0048cbe0|FUN_0048cbe0|library
0048cbf0|FUN_0048cbf0|library
0048cc00|FUN_0048cc00|library
0048cc10|FUN_0048cc10|library
0048cc20|FUN_0048cc20|library
0048cc30|FUN_0048cc30|library
0048cc40|FUN_0048cc40|library
0048cc50|FUN_0048cc50|library
0048cc60|FUN_0048cc60|library
0048cc70|FUN_0048cc70|library
0048cc7f|FUN_0048cc7f|library
0048cc8e|FUN_0048cc8e|library
0048cc9d|FUN_0048cc9d|library
0048ccac|FUN_0048ccac|library
0048ccc0|ReleaseGlobalChain|library
0048ccd0|FUN_0048ccd0|library
0048cce0|FUN_0048cce0|library
0048ccf0|FUN_0048ccf0|library
0048cd00|FUN_0048cd00|library
0048cd10|FUN_0048cd10|library
0048cd20|FUN_0048cd20|library
